-- phpMyAdmin SQL Dump
-- version 4.8.3
-- https://www.phpmyadmin.net/
--
-- Host: localhost
-- Generation Time: Oct 30, 2018 at 08:09 PM
-- Server version: 10.1.36-MariaDB
-- PHP Version: 7.2.11

SET SQL_MODE = "NO_AUTO_VALUE_ON_ZERO";
SET AUTOCOMMIT = 0;
START TRANSACTION;
SET time_zone = "+00:00";


/*!40101 SET @OLD_CHARACTER_SET_CLIENT=@@CHARACTER_SET_CLIENT */;
/*!40101 SET @OLD_CHARACTER_SET_RESULTS=@@CHARACTER_SET_RESULTS */;
/*!40101 SET @OLD_COLLATION_CONNECTION=@@COLLATION_CONNECTION */;
/*!40101 SET NAMES utf8mb4 */;

--
-- Database: `meeyerco_test`
--

-- --------------------------------------------------------

--
-- Table structure for table `act`
--

CREATE TABLE `act` (
  `id` int(11) NOT NULL,
  `cusID` int(11) DEFAULT NULL,
  `carID` int(11) DEFAULT NULL,
  `Date` date DEFAULT NULL,
  `type` varchar(45) DEFAULT NULL,
  `Price` decimal(10,2) DEFAULT NULL,
  `startDate` date DEFAULT NULL,
  `endDate` date DEFAULT NULL
) ENGINE=InnoDB DEFAULT CHARSET=utf8;

--
-- Dumping data for table `act`
--

INSERT INTO `act` (`id`, `cusID`, `carID`, `Date`, `type`, `Price`, `startDate`, `endDate`) VALUES
(5, 1, 2, '2561-10-08', 'KSK ประกันภัย', '645.00', '2561-11-01', '2562-11-01'),
(7, 4, 4, '2561-10-15', 'วิริยะประกันภัย', '645.00', '2561-10-16', '2562-10-16'),
(8, 3, 3, '2561-10-18', 'KSK ประกันภัย', '645.00', '2561-10-17', '2562-10-17'),
(9, 4, 4, '2561-10-18', 'บริษัท กลางคุ้มครองผู้ประสบภัยจากรถ จำกัด', '645.00', '2561-10-09', '2562-10-09'),
(10, 5, 5, '2561-10-18', 'อาคเนย์ประกันภัย', '1282.00', '2561-10-20', '2562-10-20'),
(11, 16, 8, '2561-10-18', 'สินมั่นคงประกันภัย', '1282.00', '2561-10-16', '2562-10-16'),
(12, 9, 10, '2561-10-18', 'นำสินประกันภัย', '645.00', '2561-10-17', '2562-10-17'),
(13, 36, 10, '2561-10-24', 'นำสินประกันภัย', '645.00', '2561-10-24', '2562-10-24'),
(14, 37, 9, '2561-10-24', 'วิริยะประกันภัย', '1282.00', '2561-10-24', '2562-10-24'),
(15, 28, 30, '2561-10-24', 'เอเชียประกันภัย', '645.00', '2561-10-24', '2562-10-24');

-- --------------------------------------------------------

--
-- Table structure for table `car`
--

CREATE TABLE `car` (
  `id` int(11) NOT NULL,
  `cusID` int(11) DEFAULT NULL,
  `license` varchar(45) DEFAULT NULL,
  `province_license` varchar(45) DEFAULT NULL,
  `registration` date DEFAULT NULL,
  `typecar` varchar(45) DEFAULT NULL,
  `brand` varchar(45) DEFAULT NULL,
  `generation` varchar(45) DEFAULT NULL,
  `body_number` varchar(45) DEFAULT NULL,
  `serial_number` varchar(45) DEFAULT NULL,
  `gas_number` varchar(45) DEFAULT NULL,
  `fuel_type` varchar(45) DEFAULT NULL,
  `capacity` varchar(45) DEFAULT NULL,
  `remark` text NOT NULL,
  `id_document` varchar(255) NOT NULL,
  `weight` int(11) DEFAULT NULL
) ENGINE=InnoDB DEFAULT CHARSET=utf8;

--
-- Dumping data for table `car`
--

INSERT INTO `car` (`id`, `cusID`, `license`, `province_license`, `registration`, `typecar`, `brand`, `generation`, `body_number`, `serial_number`, `gas_number`, `fuel_type`, `capacity`, `remark`, `id_document`, `weight`) VALUES
(1, 1, 'กฟ522', 'ลำพูน', '0000-00-00', 'รย.1', 'Ford', '', '12B73D9ง.642414', '2568554.7', '2756453', 'NGV', '2000', '', 'No.110553', 1500),
(2, 35, 'สส126', 'ลำพูน', '2561-10-16', 'รย.1', 'honda', 'civic', '57A73099ง.654905', '2538973', '2708023', 'LPG', '3000', 'โอน', 'No.512112', 0),
(3, 38, 'กอ42', 'ลำพูน', '2561-10-16', 'รย.1', 'honda', 'civic', '57A73099ง.654905', '2538973', '2708023', 'LPG', 'บ้านโฮ่ง', 'ไม่รับสาย\r\n', 'No.14848', 0),
(4, 39, '1กฆ2021', 'กรุงเทพมหานคร', '2555-10-24', 'รย.1', 'ISUZU', 'DMAX', 'MP1TFR86JCT168397', '4JK1JT8030', '', 'ดีเซล', '2499', '', 'No.110112', 0),
(5, 5, 'กจ6276', 'เชียงใหม่', '2561-10-16', 'รย.2', 'honda', 'civic', '56B30406ข.520255', '', '', '', '3000', '', 'No.1108662', 0),
(6, 10, 'สส5530', 'กระบี่', '0000-00-00', 'รย.2', 'BMW', '', '56B30406ข.520266', '', '', '', 'เหนือคลอง', '', '', 600),
(7, 19, 'ก5986', 'ลำพูน', '2561-10-16', 'รย.12', 'Honda', '', '57A73099ง.654923', '', '', '', '2000', 'ติดต่อไม่ได้   ', '', 0),
(8, 40, 'ขจ441', 'สงขลา', '2561-10-10', 'รย.2', 'Ford', '', '', '', '', '', '5000', '', 'No.182000', 0),
(9, 37, 'บน6843', 'ลำพูน', '2561-10-09', 'รย.2', '', '', '56B30406ข.520293', '', '', '', '5000', '', 'No.82022', 0),
(10, 36, 'บต1048', 'เชียงใหม่', '2553-02-26', 'รย.1', '', '', '56B30406ข.520288', '', '', '', '4000', 'โอน', '', 0),
(11, 2, 'ปต5886', 'กระบี่', '2533-03-29', 'รย.12', '', '', '56B30407ข.520325', '', '', '', '5220', '', 'No.118882', 0),
(12, 4, 'กล3988', 'เชียงใหม่', '2553-11-18', 'รย.12', '', '', '56B30408ข.520358', '', '', '', '4000', '', '', 0),
(13, 5, 'กต2110', 'ลำพูน', '2561-10-16', 'รย.3', '', '', '', '56B30408ข.520365', '', '', '4000', '', 'No.162562', 0),
(14, 7, 'ขก3984', 'เชียงใหม่', '2561-10-16', 'รย.1', '', '', '56B30408ข.520382', '', '', '', '2500', '', 'No.18822', 0),
(15, 8, 'กบม11', 'พระนครศรีอยุธยา', '2561-10-03', 'รย.3', '', '', '56B30409ข.520402', '', '', '', '3000', '', 'No.1148181', 0),
(16, 11, 'ขขม754', 'ลำพูน', '2561-02-07', 'รย.2', '', '', '', '56B30409ข.520416', '', '', '4500', '', '', 0),
(17, 18, 'งยพ124', 'เชียงใหม่', '2553-07-21', 'รย.1', '', '', '56B30409ข.520417', '', '', '', '3000', '', '', 0),
(18, 14, 'ขกษ249', 'ระนอง', '2561-10-23', 'รย.12', '', '', '56B30409ข.520426', '', '', '', '3220', '', '', 0),
(19, 4, 'กก88', 'ลำพูน', '2561-10-09', 'รย.2', '', '', '', '', '', '', 'เมืองลำพูน', 'โอน', '', 0),
(20, 20, 'กต3417', 'เชียงใหม่', '2010-01-23', 'รย.12', 'BMW', '', '57A73099ง.654905', '2708023', 'LPG', '3000', '1200', '', '', 0),
(21, 42, 'ขส1552', 'ลำพูน', '2010-06-24', 'รย.1', 'Ford', '', '56A50273ก.513629', '2717577', 'NGV', '5000', '1500', '', '', 0),
(22, 20, 'มข441', 'ลำพูน', '2010-01-25', 'รย.3', 'Honda', '', '56A50273ก.513628', '2718848', 'CNG', '5500', '2200', '', '', 0),
(23, 21, 'กม7535', 'เชียงใหม่', '2010-07-26', 'รย.12', 'BMW', '', '56A50273ก.513631', '2719937', 'LPG', '6000', '2000', '', '', 0),
(24, 22, '2พ6964', 'สุพรรณบุรี', '2010-01-27', 'รย.1', 'Ford', '', '56A50273ก.513633', '2720966', 'NGV', '3000', '1200', '', '', 0),
(25, 41, '1กท7402', 'ลำพูน', '2010-01-28', 'รย.3', 'Honda', '', '56A50273ก.513636', '2744710', 'CNG', '5000', '1500', '', '', 0),
(26, 24, '1กท406', 'ลำพูน', '2010-08-29', 'รย.12', 'BMW', '', '56A50273ก.513634', '2747049', 'LPG', '5500', '2200', '', '', 0),
(27, 25, 'กยฉ188', 'กรุงเทพมหานคร', '2010-01-30', 'รย.1', 'Ford', '', '56A50273ก.513635', '2752453', 'NGV', '6000', '2000', '', '', 0),
(28, 43, 'ขจย915', 'ลำพูน', '2010-09-03', 'รย.3', 'Honda', '', '56B30403ข.520119', '2754850', 'CNG', '3000', '1200', '', '', 0),
(29, 27, 'จ0571', 'ปราจีนบุรี', '2010-02-01', 'รย.12', 'BMW', '', '56B30403ข.520130', '2756453', 'LPG', '5000', '1500', '', '', 0),
(30, 28, 'กพษ411', 'ลำพูน', '2010-10-02', 'รย.1', 'Ford', '', '56B30403ข.520129', '2758208', 'NGV', '5500', '2200', '', '', 0),
(31, 29, 'ขขน875', 'นครสวรรค์', '2010-02-03', 'รย.3', 'Honda', '', '56B30403ข.520132', '2762378', 'CNG', '6000', '2000', '', '', 0),
(32, 30, 'กย8399', 'กรุงเทพมหานคร', '2010-02-04', 'รย.12', 'BMW', '', '56B30403ข.520131', '2772503.969697', 'LPG', '3000', '1200', '', '', 0),
(33, 31, 'บธ3979', 'ลำพูน', '2010-11-05', 'รย.1', 'Ford', '', '56B30403ข.520136', '2777742.3752914', 'NGV', '5000', '1500', '', '', 0),
(34, 32, 'ขขท463', 'ลำพูน', '2010-02-06', 'รย.3', 'Honda', '', '56B30403ข.520134', '2782980.7808858', 'CNG', '5500', '2200', '', '', 0),
(35, 33, 'บท4706', 'มหาสารคาม', '2010-10-07', 'รย.12', 'BMW', '', '56B30403ข.520133', '2788219.1864802', 'LPG', '6000', '2000', '', '', 0),
(36, 34, 'ฆผ4886', 'ลำพูน', '2010-02-08', 'รย.1', 'Ford', '', '56B30403ข.520137', '2793457.5920746', 'NGV', '3000', '1200', '', '', 0),
(37, 34, 'กวจ761', 'ลำพูน', '2010-05-09', 'รย.3', 'Honda', '', '56B30403ข.520135', '2798695.997669', 'CNG', '5000', '1500', '', '', 0),
(38, 34, 'ขจฉ492', 'นครสวรรค์', '2010-02-10', 'รย.12', 'BMW', '', '56B30403ข.520140', '2803934.4032634', 'LPG', '5500', '2200', '', '', 0),
(39, 46, 'กข4336', 'กรุงเทพมหานคร', '2010-02-11', 'รย.1', 'Ford', '', '57A73099ง.654924', '2809172.8088578', 'NGV', '6000', '2000', '', '', 0),
(40, 44, 'หห2551', 'พะเยา', '2555-05-12', 'รย.2', 'honda', 'civic', '56B30406ข.520288', '56B30408ข.520365', '2708023', 'LPG', '3000', '', '', 2000),
(41, 45, 'บว2215', 'ลำพูน', '2548-07-14', 'รย.1', 'ISUZU', 'DMAX', '56B30406ข.520288', '56B30408ข.520365', '2708023', 'ดีเซล', '2999', '', '', 1800);

-- --------------------------------------------------------

--
-- Table structure for table `car_check`
--

CREATE TABLE `car_check` (
  `id` int(11) NOT NULL,
  `cusID` int(11) DEFAULT NULL,
  `carID` int(11) DEFAULT NULL,
  `Date` date DEFAULT NULL,
  `ConditionResults` varchar(45) DEFAULT NULL,
  `Remark` varchar(45) DEFAULT NULL,
  `Price` decimal(10,2) DEFAULT NULL
) ENGINE=InnoDB DEFAULT CHARSET=utf8;

--
-- Dumping data for table `car_check`
--

INSERT INTO `car_check` (`id`, `cusID`, `carID`, `Date`, `ConditionResults`, `Remark`, `Price`) VALUES
(2, 1, 1, '2561-10-11', 'ผ่าน', '', '200.00'),
(3, 1, 2, '2561-10-09', 'ผ่านครั้งที่2', 'เสียงเครื่องผิดปกติ', '200.00'),
(4, 4, 4, '2561-10-15', 'ผ่าน', '', '200.00'),
(5, 11, 9, '2561-10-18', 'ผ่าน', '', '200.00'),
(6, 11, 9, '2561-10-18', 'ผ่าน', '', '200.00'),
(7, 2, 11, '2561-10-18', 'ผ่าน', '', '60.00'),
(8, 14, 18, '2561-10-18', 'ไม่ผ่าน', 'ควันดำ', '60.00'),
(9, 11, 16, '2561-10-18', 'ผ่าน', '', '200.00'),
(10, 8, 15, '2561-10-18', 'ผ่าน', '', '200.00'),
(11, 7, 14, '2561-10-18', 'ไม่ผ่าน', 'ควันดำ', '200.00'),
(12, 7, 14, '2561-10-18', 'ผ่าน', '', '200.00'),
(13, 5, 13, '2561-10-18', 'ผ่าน', '', '200.00'),
(14, 4, 12, '2561-10-18', 'ผ่าน', '', '60.00'),
(15, 2, 11, '2561-10-18', 'ผ่าน', '', '60.00'),
(16, 9, 10, '2561-10-18', 'ไม่ผ่าน', 'ควันดำ', '200.00'),
(17, 11, 9, '2561-10-18', 'ผ่าน', '', '200.00'),
(18, 19, 7, '2561-10-18', 'ผ่าน', '', '60.00'),
(19, 5, 5, '2561-10-18', 'ผ่าน', '', '200.00'),
(20, 4, 4, '2561-10-18', 'ผ่าน', '', '200.00'),
(21, 3, 3, '2561-10-18', 'ผ่าน', '', '200.00'),
(22, 1, 2, '2561-10-18', 'ผ่าน', '', '200.00'),
(23, 44, 40, '2561-10-25', 'ไม่ผ่าน', 'ควันดำ', '200.00');

-- --------------------------------------------------------

--
-- Table structure for table `change_car`
--

CREATE TABLE `change_car` (
  `id` int(11) NOT NULL,
  `cusID` int(11) DEFAULT NULL,
  `carID` int(11) DEFAULT NULL,
  `Date` date DEFAULT NULL,
  `license_new` varchar(45) DEFAULT NULL,
  `province_license_new` varchar(45) DEFAULT NULL,
  `remark` varchar(45) DEFAULT NULL,
  `license_old` varchar(255) NOT NULL,
  `province_license_old` varchar(255) NOT NULL
) ENGINE=InnoDB DEFAULT CHARSET=utf8;

--
-- Dumping data for table `change_car`
--

INSERT INTO `change_car` (`id`, `cusID`, `carID`, `Date`, `license_new`, `province_license_new`, `remark`, `license_old`, `province_license_old`) VALUES
(15, 3, 3, '2018-10-21', 'กอ42', 'ลำพูน', '', 'จขส224', 'ลำพูน'),
(16, 27, 29, '2018-10-24', 'กลต568', 'ลำพูน', '', 'ขขม821', 'อ่างทอง'),
(17, 37, 9, '2018-10-24', 'คบร272', 'ลำพูน', '', 'บต1048', 'กรุงเทพมหานคร'),
(18, 34, 37, '2018-10-24', 'กวจ761', 'ลำพูน', '', 'ผบ6393', 'ลำพูน'),
(19, 19, 7, '2018-10-24', 'ก5986', 'ลำพูน', '', 'กมธ842', 'ลำพูน'),
(20, 37, 9, '2018-10-24', 'บน6843', 'ลำพูน', '', 'คบร272', 'ลำพูน'),
(21, 2, 11, '2018-10-24', 'ปต5886', 'กระบี่', '', 'นข888', 'กระบี่'),
(22, 28, 30, '2018-10-24', 'กพษ411', 'ลำพูน', '', 'ขงน735', 'ลำพูน'),
(23, 29, 31, '2018-10-24', 'ขขน875', 'นครสวรรค์', '', 'น7189', 'นครสวรรค์'),
(24, 32, 34, '2018-10-24', 'ขขท463', 'ลำพูน', '', 'กค5511', 'ลำพูน'),
(25, 45, 41, '2018-10-25', 'บว2215', 'ลำพูน', '', 'กค9896', 'ลำพูน');

-- --------------------------------------------------------

--
-- Table structure for table `change_detail`
--

CREATE TABLE `change_detail` (
  `id` int(10) NOT NULL,
  `changeid` int(10) NOT NULL,
  `Name` varchar(45) NOT NULL,
  `Price` decimal(10,2) NOT NULL
) ENGINE=InnoDB DEFAULT CHARSET=utf8;

--
-- Dumping data for table `change_detail`
--

INSERT INTO `change_detail` (`id`, `changeid`, `Name`, `Price`) VALUES
(1, 12, '1', '2.00'),
(2, 13, 'ทดสอบ', '2.00'),
(7, 4, 'ค่าบริการ', '500.00'),
(8, 5, 'ค่าบริการ', '400.00'),
(9, 16, 'ค่าบริการ', '1200.00'),
(10, 17, 'ค่าบริการ', '1200.00'),
(11, 18, 'ค่าบริการ', '1200.00'),
(12, 19, 'ค่าบริการ', '1200.00'),
(13, 20, 'ค่าบริการ', '1200.00'),
(14, 21, 'ค่าบริการ', '1200.00'),
(15, 22, 'ค่าบริการ', '1200.00'),
(16, 23, 'ค่าบริการ', '1200.00'),
(17, 24, 'ค่าบริการ', '1200.00'),
(18, 25, 'ค่าบริการ', '1500.00');

-- --------------------------------------------------------

--
-- Table structure for table `contact`
--

CREATE TABLE `contact` (
  `id` int(1) NOT NULL,
  `address` varchar(400) NOT NULL,
  `tel` varchar(50) NOT NULL,
  `update_at` date NOT NULL
) ENGINE=InnoDB DEFAULT CHARSET=utf8;

--
-- Dumping data for table `contact`
--

INSERT INTO `contact` (`id`, `address`, `tel`, `update_at`) VALUES
(1, 'ตรอ.ช่างใหญ่เซอร์วิส  105 หมู่ที่ 2 ต.เวียงยอง อ.เมือง จ.ลำพูน  51000\r\nโทรศัพท์ 053-512305, 086-8851747', '', '2018-09-30');

-- --------------------------------------------------------

--
-- Table structure for table `customer`
--

CREATE TABLE `customer` (
  `id` int(11) NOT NULL,
  `FName` varchar(255) NOT NULL,
  `LName` varchar(255) NOT NULL,
  `Tel` varchar(255) NOT NULL,
  `Address` varchar(255) NOT NULL,
  `district` varchar(255) NOT NULL,
  `amphoe` varchar(255) NOT NULL,
  `province` varchar(255) NOT NULL,
  `zipcode` int(50) NOT NULL
) ENGINE=InnoDB DEFAULT CHARSET=utf8 ROW_FORMAT=COMPACT;

--
-- Dumping data for table `customer`
--

INSERT INTO `customer` (`id`, `FName`, `LName`, `Tel`, `Address`, `district`, `amphoe`, `province`, `zipcode`) VALUES
(1, 'กฤตานน', 'เผ่าดี', '0961515236', '248/5', 'ลำพูน', 'บ้านโฮ่ง', 'ลำพูน', 51130),
(2, 'รชต', 'เผ่าดี', '0851241254', '248/5', 'กกดู่', 'บ้านโฮ่ง', 'ลำพูน', 51130),
(3, ' ลำชน  ', 'กันทะวงค์', '0925215542', '224/39  ม.4', 'มะเขือแจ้', 'เมืองลำพูน', 'ลำพูน', 51000),
(4, 'นายธิยุทธ', 'ไชยแสงการ', '0897722202', '333/168 หมู่11', 'ราชาเทวะ', 'บางพลี', 'สมุทรปราการ', 10540),
(5, 'เอ็มอร', 'น้อยชา', '0888072635', '287/1', 'ยกกระบัตร', 'สามเงา', 'ตาก', 63130),
(6, 'พิพัฒน์', ' จิตนารินทร์', '0876731730', '97/2 ม.8', 'ริมปิง', 'เมืองลำพูน', 'ลำพูน', 51000),
(7, 'ผ่องศรี ', 'ศรีประเสริฐ', '0817060885', '30/7 ม.1', 'ปกาสัย', 'เหนือคลอง', 'กระบี่', 81130),
(8, 'พินิจ', ' ใจชา', '0895527441', '86 ม.9', 'กง', 'กงไกรลาศ', 'สุโขทัย', 64170),
(9, 'สุวรรณ', 'ศรีพรม', '0854254245', '248/5', 'กกกุง', 'เมืองสรวง', 'ร้อยเอ็ด', 45220),
(10, 'ประยูร ', 'ปัญญาศักดิ์', '0810341828', '5 ซ.เพิ่มพูลทรัพย์', 'ปกาสัย', 'เหนือคลอง', 'กระบี่', 81130),
(11, 'สุพัตรา ', 'ศรีอภัย', '0857555827', '39 ม.4', 'โป่ง', 'บางละมุง', 'ชลบุรี', 20150),
(12, 'เอกสิทธิ์', ' กันทาเดช', '0864287258', '115 ม.2', 'หงษ์เจริญ', 'ท่าแซะ', 'ชุมพร', 86140),
(13, 'นพดล', ' เงินเตียน', '0876755122', '97/2 ม.8', 'องครักษ์', 'บางปลาม้า', 'สุพรรณบุรี', 72150),
(14, 'จรัสศรี ', 'กณะแสงคำ', '0810341222', '5 ซ.เพิ่มพูลทรัพย์', 'พงศ์ประศาสน์', 'บางสะพาน', 'ประจวบคีรีขันธ์', 77140),
(15, 'สิริญญา', ' ตามสีวัน', '0876712548', '97/2 ม.8', 'หงาว', 'เมืองระนอง', 'ระนอง', 85000),
(16, 'นิรันดร', ' หมื่นสุข', '0864287258', '115 ม.2', 'สกาด', 'ปัว', 'น่าน', 55120),
(19, 'ลิตานันต์', ' เพชรพุ่ม', '0961515236', '140 ม.8', 'บก', 'โนนคูณ', 'ศรีสะเกษ', 33250),
(20, 'อุษาพร ', 'แดงสุวรรณ์', '0814729989', '132  ม.13', 'ต.สุเทพ  ', 'อ.เมือง', 'จ.เชียงใหม่', 50200),
(21, 'ภิรมย์ ', 'วิชัย', '086-9184871', '30/1 ม.2', 'ต.เวียงยอง', 'อ.เมือง', '  จ.ลำพูน', 51000),
(22, 'กมกพร', ' คนดี', '0816713366', '112/1 ม.3', 'ต.สุเทพ  ', 'อ.เมือง', 'จ.เชียงใหม่', 50200),
(23, 'อำไพพร', ' สุทธธง', '084-3653775', '343/237 ม.6', 'ต.เวียงยอง', 'อ.เมือง', '  จ.ลำพูน', 51000),
(24, 'พัชรี', ' นำภา', '084-3653775', '65 ม.3', 'ต.สุเทพ  ', 'อ.เมือง', 'จ.เชียงใหม่', 50200),
(25, 'ปิยะพงษ์ ', 'วงศ์กัญญา', '081-8843823', '94/2 ม.7', 'ต.เวียงยอง', 'อ.เมือง', '  จ.ลำพูน', 51000),
(26, 'สวัสดี ', 'ทาใจ', '083-1523101', '56/2 ม.7', 'ต.สุเทพ  ', 'อ.เมือง', 'จ.เชียงใหม่', 50200),
(27, 'สมชาย', ' จวงสาคร', '083-1523101', '170/1  ม.8', 'ต.สุเทพ  ', 'อ.เมือง', 'จ.เชียงใหม่', 50520),
(28, 'สกุณตลา ', 'เตจ๊ะสาร', '093-0346349', '36/1ม.6', 'ต.เวียงยอง', 'อ.เมือง', '  จ.ลำพูน', 50520),
(29, 'มลิวรรณ ', ' สุริยะวงค์', '089-7553495', '172 ม.6', 'ต.สุเทพ  ', 'อ.เมือง', 'จ.เชียงใหม่', 50520),
(30, 'นันทวัน  ', 'พ่อค้าทอง', '094-6169929', '151 ม.19', 'ต.เวียงยอง', 'อ.เมือง', '  จ.ลำพูน', 50520),
(31, 'นงเยาว์', ' ธรรมจารี', '083-8628107', '55 ม.4', 'ต.สุเทพ  ', 'อ.เมือง', 'จ.เชียงใหม่', 50520),
(32, 'บ.อินฟอร์เมชั่น', '', '081-8839364', '61 ม.8', 'ต.สุเทพ  ', 'อ.เมือง', 'จ.เชียงใหม่', 50520),
(33, 'สุริยพงค์  ', 'ทากิจ', '0827641985', '226/3 ม.6', 'ต.เวียงยอง', 'อ.เมือง', '  จ.ลำพูน', 50520),
(34, 'กาญจนา ', 'กัณทาพันธุ์', '0896333090', '95/1 ม.5', 'ต.เวียงยอง', 'อ.เมือง', '  จ.ลำพูน', 51000),
(35, 'เมธา', 'ปัญญาศักดิ์', '0851345125', '5 ซ.เพิ่มพูลทรัพย์', 'สกาด', 'ปัว', 'น่าน', 55120),
(36, 'หน่อ ', 'ปุตตา', '0818854879', '160/1 ม.2', 'ปกาสัย', 'เหนือคลอง', 'กระบี่', 81130),
(37, 'ทัศศิลป์ ', 'อุ่นนินคำ', '0861903504', '152 ม.1', 'องครักษ์', 'โพธิ์ทอง', 'อ่างทอง', 14120),
(38, 'เรวัต ', 'ชงจารย์', '0857555827', '39 ม.4', 'เขาน้อย', 'เวียงเก่า', 'ขอนแก่น', 40150),
(39, 'สุพรรณี ', 'สิยานันท์', '0882609151', '115 ม.2', 'บ้านอ้อน', 'งาว', 'ลำปาง', 52110),
(40, 'ลิตานันต์', 'เพชรพุ่ม', '0869993550', '140 ม.8', 'ใจดี', 'ขุขันธ์', 'ศรีสะเกษ', 33140),
(41, 'วีระพร ', 'อูปเวียง', '0956767893', 'กค4844', 'ลี้', 'ลี้', 'ลำพูน', 51110),
(42, 'ภาวีณี ', 'อินปั๋นแก้ว', '0856217879', '153 ถ.จามเทวี', 'ในเมือง', 'เมืองลำพูน', 'ลำพูน', 51000),
(43, 'อุดม ', 'ชัยวุฒิ', '0856217879', '164 ถ.เจริญราษฎร์', 'ในเมือง', 'เมืองลำพูน', 'ลำพูน', 51000),
(44, 'อมร', 'ใจกล้า', '0961515236', '115/2', 'บ้านหลวง', 'จอมทอง', 'เชียงใหม่', 50160),
(45, 'สุทัศน์', 'กุณา', '0910699770', '199 ม.21', 'บ้านหลวง', 'จอมทอง', 'เชียงใหม่', 50160),
(46, 'ประยูร', 'ปัญญาศักดิ์', '0961515236', '5 ซ.เพิ่มพูลทรัพย์', 'กกกุง', 'เมืองสรวง', 'ร้อยเอ็ด', 45220);

-- --------------------------------------------------------

--
-- Table structure for table `data_user`
--

CREATE TABLE `data_user` (
  `UserID` int(4) UNSIGNED ZEROFILL NOT NULL,
  `Tel` varchar(50) CHARACTER SET utf8 NOT NULL,
  `Password` varchar(150) CHARACTER SET utf8 NOT NULL,
  `Name` varchar(50) CHARACTER SET utf8 NOT NULL,
  `Address` varchar(200) CHARACTER SET utf8 NOT NULL,
  `Username` varchar(15) COLLATE utf8_esperanto_ci DEFAULT NULL,
  `status` varchar(45) COLLATE utf8_esperanto_ci NOT NULL,
  `create_at` date NOT NULL
) ENGINE=InnoDB DEFAULT CHARSET=utf8 COLLATE=utf8_esperanto_ci;

--
-- Dumping data for table `data_user`
--

INSERT INTO `data_user` (`UserID`, `Tel`, `Password`, `Name`, `Address`, `Username`, `status`, `create_at`) VALUES
(0001, '0961515236', 'm5m406', 'กฤตานน เผ่าดี', '65 ม.3	ต.สุเทพ  	อ.เมือง	จ.เชียงใหม่	50200	ขคร619	นครสวรรค์\r\n', 'cus', 'employee', '0000-00-00'),
(0002, '0841245125', 'q56416q2s4u284u284v2r4y2b4', 'กฤตานน เผ่าดี', '287/1 หมู่ 2 ต.เหมืองง่า จ.ลำพูน', 'admin', 'admin', '2018-10-03'),
(0003, '0821542156', 'w524v534', 'รชต เผ่าดี', '30/1 ม.2	ต.เวียงยอง	อ.เมือง	  จ.ลำพูน	51000	กม7535	เชียงใหม่\r\n', 'mana', 'manager', '2018-10-03'),
(0005, '0888072638', 'k554u5b4a6', '', '', 'admin', 'admin', '2561-10-17'),
(0006, '0843653775', 'q56416q2s4u284u284v2r4y2b4', 'เอ็มอร น้อยชา', '132  ม.13	ต.สุเทพ  	อ.เมือง	จ.เชียงใหม่	50200	กต3417	เชียงใหม่\r\n', 'kungemon', 'employee', '2561-10-18'),
(0007, '0818843823', 'q56416q2s4u284u284v2r4y2b4', 'กัณทาพันธุ์ ทากิจ', '36/1ม.6	ต.เวียงยอง	อ.เมือง	  จ.ลำพูน	50520	ขงน735	ลำพูน\r\n', 'kantapan', 'employee', '2561-10-18'),
(0008, '0896333090', 'q56416q2s4u284u284v2r4y2b4', 'ธรรมจารี สุริยะวงค์', '95/1 ม.5	ต.เวียงยอง	อ.เมือง	  จ.ลำพูน	51000	ฆผ4886	ลำพูน\r\n', 'tummajaree', 'employee', '2561-10-18'),
(0009, '0897553495', 'q56416q2s4u284u284v2r4y2b4', 'วงศ์กัญญา ทาใจ', '081-8839364	61 ม.8	ต.สุเทพ  	อ.เมือง	จ.เชียงใหม่	50520	กค5511	ลำพูน\r\n', 'wongkanya', 'employee', '2561-10-18'),
(0010, '0841245126', 'q56416q2s4u284u284v2r4y2b4', 'วิชัย คนดี', '170/1  ม.8	ต.สุเทพ  	อ.เมือง	จ.เชียงใหม่	50520	ผธ168	เชียงใหม่\r\n', 'wichai5811', 'employee', '2561-10-18');

-- --------------------------------------------------------

--
-- Table structure for table `document`
--

CREATE TABLE `document` (
  `id` int(11) NOT NULL,
  `name` varchar(150) NOT NULL,
  `file` text NOT NULL,
  `create_at` date NOT NULL
) ENGINE=InnoDB DEFAULT CHARSET=utf8;

--
-- Dumping data for table `document`
--

INSERT INTO `document` (`id`, `name`, `file`, `create_at`) VALUES
(1, 'สัญญาซื้อขายรถ', 'สัญญาซื้อขายรถ.pdf', '2561-10-06'),
(3, 'เอกสารการโอนย้าย', 'โอนขนส่ง.pdf', '2561-09-29');

-- --------------------------------------------------------

--
-- Table structure for table `follow`
--

CREATE TABLE `follow` (
  `id` int(11) NOT NULL,
  `refID` int(11) DEFAULT NULL,
  `cusID` int(11) DEFAULT NULL,
  `carID` int(11) DEFAULT NULL,
  `type` varchar(45) DEFAULT NULL,
  `startDate` varchar(45) DEFAULT NULL,
  `endDate` varchar(45) DEFAULT NULL,
  `status` varchar(45) DEFAULT NULL,
  `methodtype` varchar(45) DEFAULT NULL,
  `results` varchar(45) NOT NULL
) ENGINE=InnoDB DEFAULT CHARSET=utf8;

--
-- Dumping data for table `follow`
--

INSERT INTO `follow` (`id`, `refID`, `cusID`, `carID`, `type`, `startDate`, `endDate`, `status`, `methodtype`, `results`) VALUES
(4, 2, 1, 1, 'ต่อประกัน', '2560-11-02', '2561-11-02', 'ส่งจดหมายแล้ว', 'ติดตามแล้ว', 'กลับมาใช้บริการ'),
(7, 2, 1, 1, 'ต่อภาษี', '2561-10-18', '2561-10-25', NULL, NULL, ''),
(10, 6, 1, 2, 'ต่อ พรบ.', '2561-10-25', '2562-10-25', NULL, NULL, ''),
(11, 7, 4, 4, 'ต่อ พรบ.', '2560-10-16', '2561-10-29', 'โทร', '', ''),
(12, 8, 3, 3, 'ต่อ พรบ.', '2560-10-17', '2561-10-29', 'ส่งจดหมายแล้ว', NULL, ''),
(13, 9, 4, 4, 'ต่อ พรบ.', '2560-10-09', '2561-10-29', NULL, NULL, ''),
(14, 10, 5, 5, 'ต่อ พรบ.', '2560-10-20', '2561-10-29', NULL, NULL, ''),
(15, 11, 16, 8, 'ต่อ พรบ.', '2560-10-16', '2561-05-02', NULL, NULL, ''),
(16, 12, 9, 10, 'ต่อ พรบ.', '2561-10-17', '2562-10-17', NULL, NULL, ''),
(17, 3, 9, 10, 'ต่อภาษี', '2561-10-22', '2562-10-22', NULL, NULL, ''),
(18, 4, 16, 8, 'ต่อภาษี', '2561-10-05', '2562-02-14', NULL, NULL, ''),
(19, 5, 10, 6, 'ต่อภาษี', '2561-10-13', '2562-10-13', NULL, NULL, ''),
(20, 6, 5, 5, 'ต่อภาษี', '2561-10-05', '2562-10-05', NULL, NULL, ''),
(21, 7, 8, 15, 'ต่อภาษี', '2561-10-05', '2562-10-05', NULL, NULL, ''),
(22, 8, 4, 19, 'ต่อภาษี', '2560-10-02', '2561-10-29', NULL, NULL, ''),
(23, 9, 8, 15, 'ต่อภาษี', '2560-03-08', '2561-10-29', NULL, NULL, ''),
(24, 3, 4, 19, 'ต่อประกัน', '2561-10-15', '2562-10-15', NULL, NULL, ''),
(25, 4, 7, 14, 'ต่อประกัน', '2560-10-11', '2561-10-29', NULL, NULL, ''),
(26, 5, 2, 11, 'ต่อประกัน', '2560-10-06', '2561-10-29', NULL, NULL, ''),
(27, 6, 4, 4, 'ต่อประกัน', '2560-10-20', '2561-10-29', NULL, NULL, ''),
(28, 13, 36, 10, 'ต่อ พรบ.', '2561-10-24', '2562-10-24', NULL, NULL, ''),
(29, 14, 37, 9, 'ต่อ พรบ.', '2561-10-24', '2562-10-24', NULL, NULL, ''),
(30, 7, 36, 10, 'ต่อประกัน', '2561-10-24', '2562-10-24', NULL, NULL, ''),
(31, 15, 28, 30, 'ต่อ พรบ.', '2561-10-24', '2562-10-24', NULL, NULL, ''),
(32, 10, 29, 31, 'ต่อภาษี', '2561-10-20', '2562-10-20', NULL, NULL, ''),
(33, 11, 4, 19, 'ต่อภาษี', '2561-10-19', '2562-10-19', NULL, NULL, ''),
(34, 8, 19, 7, 'ต่อประกัน', '2561-10-13', '2562-10-13', NULL, NULL, ''),
(35, 9, 23, 25, 'ต่อประกัน', '2561-10-19', '2562-10-19', NULL, NULL, ''),
(36, 10, 20, 22, 'ต่อประกัน', '2561-10-25', '2562-10-25', NULL, NULL, ''),
(37, 11, 21, 23, 'ต่อประกัน', '2561-10-27', '2562-10-27', NULL, NULL, ''),
(38, 12, 44, 40, 'ต่อภาษี', '2561-10-25', '2562-10-25', NULL, NULL, ''),
(39, 12, 45, 41, 'ต่อประกัน', '2561-10-20', '2561-10-30', NULL, 'ติดตามแล้ว', 'เลิกติดตาม');

-- --------------------------------------------------------

--
-- Table structure for table `insurance`
--

CREATE TABLE `insurance` (
  `id` int(11) NOT NULL,
  `cusID` int(11) DEFAULT NULL,
  `carID` int(11) DEFAULT NULL,
  `Date` date DEFAULT NULL,
  `startDate` date DEFAULT NULL,
  `endDate` date DEFAULT NULL,
  `type` varchar(45) DEFAULT NULL,
  `protection` varchar(45) DEFAULT NULL,
  `premium` decimal(10,2) DEFAULT NULL,
  `insurance` decimal(10,2) DEFAULT NULL,
  `remark` varchar(45) DEFAULT NULL
) ENGINE=InnoDB DEFAULT CHARSET=utf8;

--
-- Dumping data for table `insurance`
--

INSERT INTO `insurance` (`id`, `cusID`, `carID`, `Date`, `startDate`, `endDate`, `type`, `protection`, `premium`, `insurance`, `remark`) VALUES
(1, 1, 1, '2561-09-28', '2561-10-03', '2561-11-20', 'เจนเนอราลี่ประกันภัย', 'ชั้น 2+', '20000.00', '50000.00', 'ฟกกดหกดหกด'),
(3, 4, 19, '2561-10-18', '2561-10-15', '2562-10-15', 'บริษัท กลางคุ้มครองผู้ประสบภัยจากรถ จำกัด', 'ชั้น 2+', '50000.00', '1000000.00', 'รถติดกล้อง'),
(4, 7, 14, '2561-10-18', '2561-10-11', '2562-10-11', 'บริษัท กลางคุ้มครองผู้ประสบภัยจากรถ จำกัด', 'ชั้น 2', '10000.00', '100000.00', ''),
(5, 2, 11, '2561-10-18', '2561-10-06', '2562-10-06', 'เอเชียประกันภัย', 'ชั้น 2+', '22000.00', '1000000.00', ''),
(6, 4, 4, '2561-10-18', '2561-10-20', '2562-10-20', 'เทเวศประกันภัย', 'ชั้น 3', '4000.00', '200000.00', ''),
(7, 36, 10, '2561-10-24', '2561-10-24', '2562-10-24', 'บริษัท กลางคุ้มครองผู้ประสบภัยจากรถ จำกัด', 'ชั้น 2+', '10000.00', '1000000.00', ''),
(8, 19, 7, '2561-10-24', '2561-10-13', '2562-10-13', 'บริษัท กลางคุ้มครองผู้ประสบภัยจากรถ จำกัด', 'ชั้น 2+', '22000.00', '1500000.00', ''),
(9, 23, 25, '2561-10-24', '2561-10-19', '2562-10-19', 'เอเชียประกันภัย', 'ชั้น 3+', '4000.00', '300000.00', ''),
(10, 20, 22, '2561-10-24', '2561-10-25', '2562-10-25', 'เจนเนอราลี่ประกันภัย', 'ชั้น 2+', '22000.00', '1000000.00', ''),
(11, 21, 23, '2561-10-24', '2561-10-27', '2562-10-27', 'เจนเนอราลี่ประกันภัย', 'ชั้น 3+', '22000.00', '1500000.00', ''),
(12, 45, 41, '2561-10-25', '2561-10-20', '2561-10-30', 'สินมั่นคงประกันภัย', 'ชั้น 2+', '20000.00', '1000000.00', '');

-- --------------------------------------------------------

--
-- Table structure for table `insurancecompany`
--

CREATE TABLE `insurancecompany` (
  `id` int(11) NOT NULL,
  `Name` varchar(45) DEFAULT NULL
) ENGINE=InnoDB DEFAULT CHARSET=utf8;

--
-- Dumping data for table `insurancecompany`
--

INSERT INTO `insurancecompany` (`id`, `Name`) VALUES
(1, 'วิริยะประกันภัย'),
(2, 'อาคเนย์ประกันภัย'),
(3, 'สินมั่นคงประกันภัย'),
(4, 'เจนเนอราลี่ประกันภัย'),
(5, 'KSK ประกันภัย'),
(6, 'นำสินประกันภัย'),
(7, 'เทเวศประกันภัย'),
(8, 'เอเชียประกันภัย'),
(9, 'บริษัท กลางคุ้มครองผู้ประสบภัยจากรถ จำกัด');

-- --------------------------------------------------------

--
-- Table structure for table `move`
--

CREATE TABLE `move` (
  `id` int(11) NOT NULL,
  `cusID` int(11) DEFAULT NULL,
  `carID` int(11) DEFAULT NULL,
  `Date` date DEFAULT NULL,
  `source` varchar(45) DEFAULT NULL,
  `destination` varchar(45) DEFAULT NULL,
  `remark` varchar(45) DEFAULT NULL,
  `RFName` varchar(45) DEFAULT NULL,
  `RLName` varchar(45) DEFAULT NULL,
  `RTel` varchar(45) DEFAULT NULL,
  `RAddress` varchar(45) DEFAULT NULL,
  `Rdistrict` varchar(255) NOT NULL,
  `Ramphoe` varchar(255) NOT NULL,
  `Rprovince` varchar(255) NOT NULL,
  `Rzipcode` int(50) NOT NULL,
  `license_old` varchar(255) NOT NULL,
  `province_license_old` varchar(255) NOT NULL,
  `license_new` varchar(255) NOT NULL,
  `province_license_new` varchar(255) NOT NULL
) ENGINE=InnoDB DEFAULT CHARSET=utf8;

--
-- Dumping data for table `move`
--

INSERT INTO `move` (`id`, `cusID`, `carID`, `Date`, `source`, `destination`, `remark`, `RFName`, `RLName`, `RTel`, `RAddress`, `Rdistrict`, `Ramphoe`, `Rprovince`, `Rzipcode`, `license_old`, `province_license_old`, `license_new`, `province_license_new`) VALUES
(5, 16, 8, '2561-10-21', 'ลำพูน', 'สงขลา', '', 'สิริญญา', 'ตามสีวัน', '08631525124', '97/2 ม.8', 'วงศ์สว่าง', 'บางซื่อ', 'กรุงเทพมหานคร', 10800, 'กยร781', 'เชียงใหม่', 'ขจ441', 'สงขลา'),
(6, 22, 24, '2561-10-24', 'ลำพูน', 'เชียงใหม่', '', 'อรกมล ', 'ธรรมสุทธิ', '0896327298', '132 ม.6', 'เชิงดอย', 'ดอยสะเก็ด', 'เชียงใหม่', 50220, 'ฆม5274', 'ลำพูน', 'กบ7529', 'เชียงใหม่'),
(7, 27, 29, '2561-10-24', 'ลำพูน', 'อ่างทอง', '', 'ภูวไนย', 'จารุพันธ์', '0880346051', '50 ม.3', 'องครักษ์', 'โพธิ์ทอง', 'อ่างทอง', 14120, 'ผธ168', 'เชียงใหม่', 'ขขม821', 'อ่างทอง'),
(8, 24, 26, '2561-10-24', 'เชียงใหม่', 'ลำพูน', '', 'ทรงวุฒิ ', 'ไชยนวล', '0864209013', '42/6 ม.1', 'ต้นธง', 'เมืองลำพูน', 'ลำพูน', 51000, 'ขคร619', 'นครสวรรค์', '1กท406', 'ลำพูน'),
(9, 27, 29, '2561-10-25', 'เชียงใหม่', 'ปราจีนบุรี', '', 'นิตยา ', 'พรหมสวรรค์', '0917208160', '170/1  ม.8', 'ดงกระทงยาม', 'ศรีมหาโพธิ', 'ปราจีนบุรี', 25140, 'กลต568', 'ลำพูน', 'จ0571', 'ปราจีนบุรี'),
(10, 33, 35, '2561-10-25', 'ลำพูน', 'มหาสารคาม', '', 'ประภา', ' ยอดปัญญา', '0864207924', '321 ม.8', 'แกดำ', 'แกดำ', 'มหาสารคาม', 44190, 'กบพ729', 'เชียงใหม่', 'บท4706', 'มหาสารคาม'),
(11, 22, 24, '2561-10-25', 'เชียงใหม่', 'สุพรรณบุรี', '', 'บันดล ', 'โพธิศาสตร์', '0958164456', '4/2 ถ.กู่ช้าง', 'องครักษ์', 'บางปลาม้า', 'สุพรรณบุรี', 72150, 'กบ7529', 'เชียงใหม่', '2พ6964', 'สุพรรณบุรี'),
(12, 8, 15, '2561-10-25', 'เชียงใหม่', 'พระนครศรีอยุธยา', '', 'ศรีีไทย  ', 'นวลพรหม', '0813999640', '99  ม.3', 'ทางกลาง', 'บางปะหัน', 'พระนครศรีอยุธยา', 13220, 'ผต5489', 'เชียงใหม่', 'กบม11', 'พระนครศรีอยุธยา'),
(13, 44, 40, '2561-10-25', 'ลำพูน', 'พะเยา', '', 'กฤตานน', 'เผ่าดี', '0961515236', '248/5', 'หงส์หิน', 'จุน', 'พะเยา', 56150, 'บท265', 'เชียงใหม่', 'หห2551', 'พะเยา');

-- --------------------------------------------------------

--
-- Table structure for table `move_detail`
--

CREATE TABLE `move_detail` (
  `id` int(11) NOT NULL,
  `moveid` int(11) DEFAULT NULL,
  `Name` varchar(45) DEFAULT NULL,
  `Price` decimal(10,2) DEFAULT NULL
) ENGINE=InnoDB DEFAULT CHARSET=utf8;

--
-- Dumping data for table `move_detail`
--

INSERT INTO `move_detail` (`id`, `moveid`, `Name`, `Price`) VALUES
(9, 6, 'ค่าบริการ', '1500.00'),
(10, 7, 'ค่าบริการ', '2400.00'),
(11, 8, 'ค่าบริการ', '1500.00'),
(12, 9, 'ค่าบริการ', '1200.00'),
(13, 10, 'ค่าบริการ', '1400.00'),
(14, 11, 'ค่าบริการ', '1400.00'),
(15, 12, 'ค่าบริการ', '1400.00'),
(16, 13, 'ค่าบริการ', '1500.00');

-- --------------------------------------------------------

--
-- Table structure for table `news`
--

CREATE TABLE `news` (
  `id` int(11) NOT NULL,
  `topic` varchar(255) NOT NULL,
  `detail` text NOT NULL,
  `link` varchar(255) NOT NULL,
  `create_at` date NOT NULL
) ENGINE=InnoDB DEFAULT CHARSET=utf8;

--
-- Dumping data for table `news`
--

INSERT INTO `news` (`id`, `topic`, `detail`, `link`, `create_at`) VALUES
(2, 'กรมการขนส่งทางบก รับโล่และตรารับรองมาตรฐานศูนย์ราชการสะดวก (GECC) ปี 2561', 'วันนี้ (27 กันยายน 2561) เวลา 09.00 น. ณ โรงแรมเซ็นทรา บายเซ็นทาราศูนย์ราชการและคอนเวนชันเซ็นเตอร์ แจ้งวัฒนะ นายวิษณุ เครืองาม รองนายกรัฐมนตรี มอบโล่และตรารับรองมาตรฐาน GECC ประจำปี พ.ศ. 2561 โดยมีหน่วยงานในสังกัดกรมการขนส่งทางบกผ่านการรับรองมาตรฐานการให้บริการของศูนย์ราชการสะดวก (Government Easy Contact Center: GECC) จำนวนทั้งสิ้น 47 แห่ง', 'https://www.dlt.go.th/th/public-news/view.php?_did=2147', '2561-09-30'),
(3, 'กรมการขนส่งทางบก พร้อมเสริมรถโดยสารจากทุกเส้นทางรองรับหากมีการหยุดวิ่งให้บริการ', 'กรมการขนส่งทางบก ร่วมกับ กองพลทหารม้าที่ 2 รักษาพระองค์, องค์การขนส่งมวลชนกรุงเทพ (ขสมก.) และบริษัท ขนส่ง จำกัด (บขส.) พร้อมเสริมรถโดยสารจากทุกเส้นทางรองรับหากมีการหยุดวิ่งให้บริการ ยืนยัน!!! กำหนดอายุการใช้งานรถตู้โดยสารประจำทางไม่เกิน 10 ปี นับแต่วันที่จดทะเบียนครั้งแรก เหมาะสมเป็นไปตามมาตรฐานความปลอดภัย พร้อมสนับสนุนมาตรการช่วยเหลือเปลี่ยนรถโดยสารขนาดเล็กมาตรฐานความปลอดภัย', 'https://www.dlt.go.th/th/public-news/view.php?_did=2145', '2561-10-01'),
(4, 'กรมการขนส่งทางบก เชิญชวน!!! ผู้ประกอบการขนส่งที่มีความพร้อม ยื่นคำขอเป็นผู้ให้บริการเดินรถโดยสารธรรมดา, รถสองแถว ภายในจังหวัดศรีสะเกษ เปิดรับสมัครพร้อมกัน 7 เส้นทาง ตั้งแต่วันนี้ ถึงวันที่ 5 ตุลาคม 2561', 'นายเชิดชัย  สนั่นศรีสาคร รองอธิบดีกรมการขนส่งทางบก เปิดเผยว่า กรมการขนส่งทางบก โดยสำนักงานขนส่งจังหวัดศรีสะเกษ เดินหน้ายกระดับการให้บริการรถโดยสารประจำทางภายในจังหวัด ภายใต้การควบคุม กำกับ ดูแล มาตรฐานความปลอดภัยและการให้บริการที่มีคุณภาพ ตอบโจทย์ความต้องการเดินทางและวิถีชีวิตประจำวันของประชาชน ดังนั้น เพื่ออำนวยความสะดวกในการเดินทางแก่ประชาชนภายในจังหวัดศรีสะเกษ', 'https://www.dlt.go.th/th/public-news/view.php?_did=2144', '2561-10-01');

-- --------------------------------------------------------

--
-- Table structure for table `promotion`
--

CREATE TABLE `promotion` (
  `id` int(11) NOT NULL,
  `name` varchar(150) NOT NULL,
  `detail` text NOT NULL,
  `create_at` date NOT NULL,
  `img` varchar(100) NOT NULL
) ENGINE=InnoDB DEFAULT CHARSET=utf8;

--
-- Dumping data for table `promotion`
--

INSERT INTO `promotion` (`id`, `name`, `detail`, `create_at`, `img`) VALUES
(4, 'รอการอัปเดต', '<p>รอการอัปเดต​​</p>\r\n', '2561-09-29', '14947620_117357978741423_9041440151029015371_n.jpg'),
(13, 'รอการอัปเดต', '<p>รอการอัปเดต</p>\r\n', '2561-09-29', '14947620_117357978741423_9041440151029015371_n.jpg'),
(15, 'รอการอัปเดต', '<p>รอการอัปเดต</p>\r\n', '2561-09-29', 'logoChangyai.png');

-- --------------------------------------------------------

--
-- Table structure for table `tax`
--

CREATE TABLE `tax` (
  `id` int(11) NOT NULL,
  `cusID` int(11) DEFAULT NULL,
  `carID` int(11) DEFAULT NULL,
  `Date` date DEFAULT NULL,
  `taxYear` decimal(10,2) DEFAULT NULL,
  `persent` decimal(10,2) DEFAULT NULL,
  `discount` decimal(10,2) DEFAULT NULL,
  `amount` decimal(10,2) DEFAULT NULL,
  `subTotal` decimal(10,2) DEFAULT NULL,
  `month` decimal(10,2) DEFAULT NULL,
  `fine` decimal(10,2) DEFAULT NULL,
  `total` decimal(10,2) DEFAULT NULL,
  `startDate` date DEFAULT NULL,
  `endDate` date DEFAULT NULL,
  `carage` int(11) DEFAULT NULL
) ENGINE=InnoDB DEFAULT CHARSET=utf8;

--
-- Dumping data for table `tax`
--

INSERT INTO `tax` (`id`, `cusID`, `carID`, `Date`, `taxYear`, `persent`, `discount`, `amount`, `subTotal`, `month`, `fine`, `total`, `startDate`, `endDate`, `carage`) VALUES
(2, 1, 1, '2561-10-09', '2900.00', '0.00', '0.00', '1.00', '2900.00', '0.00', '0.00', '2900.00', '2561-10-18', '2562-10-18', 0),
(3, 9, 10, '2561-10-18', '10900.00', '30.00', '3270.00', '1.00', '7630.00', '0.00', '0.00', '7630.00', '2561-10-22', '2562-10-22', 8),
(4, 16, 8, '2561-10-18', '1600.00', '0.00', '0.00', '1.00', '1600.00', '0.00', '0.00', '1600.00', '2561-10-05', '2562-02-14', 0),
(5, 10, 6, '2561-10-18', '1600.00', '30.00', '480.00', '1.00', '1120.00', '0.00', '0.00', '1120.00', '2561-10-13', '2562-10-13', 8),
(6, 5, 5, '2561-10-18', '1600.00', '0.00', '0.00', '1.00', '1600.00', '0.00', '0.00', '1600.00', '2561-10-05', '2562-10-05', 0),
(7, 8, 15, '2561-10-18', '1250.00', '0.00', '0.00', '1.00', '1250.00', '0.00', '0.00', '1250.00', '2561-10-05', '2562-10-05', 0),
(8, 4, 19, '2561-10-18', '1600.00', '0.00', '0.00', '1.00', '1600.00', '0.00', '0.00', '1600.00', '2561-10-02', '2562-10-02', 0),
(9, 8, 15, '2561-10-18', '1250.00', '0.00', '0.00', '1.00', '1250.00', '0.00', '0.00', '1250.00', '2561-03-08', '2562-03-08', 0),
(10, 29, 31, '2018-10-24', '300.00', '50.00', '150.00', '1.00', '150.00', '0.00', '0.00', '150.00', '2561-10-20', '2562-10-20', 551),
(11, 4, 19, '2018-10-24', '150.00', '0.00', '0.00', '1.00', '150.00', '0.00', '0.00', '150.00', '2561-10-19', '2562-10-19', 0),
(12, 44, 40, '2018-10-25', '1600.00', '10.00', '160.00', '1.00', '1440.00', '0.00', '0.00', '1440.00', '2561-10-25', '2562-10-25', 6);

-- --------------------------------------------------------

--
-- Table structure for table `tb_answer`
--

CREATE TABLE `tb_answer` (
  `id` int(11) NOT NULL,
  `id_person` int(11) NOT NULL,
  `id_question` int(11) NOT NULL,
  `scores` int(1) NOT NULL
) ENGINE=MyISAM DEFAULT CHARSET=utf8;

--
-- Dumping data for table `tb_answer`
--

INSERT INTO `tb_answer` (`id`, `id_person`, `id_question`, `scores`) VALUES
(61, 13, 4, 5),
(60, 13, 3, 4),
(59, 13, 2, 3),
(58, 13, 1, 2);

-- --------------------------------------------------------

--
-- Table structure for table `tb_person`
--

CREATE TABLE `tb_person` (
  `id_person` int(11) NOT NULL,
  `created` date NOT NULL
) ENGINE=InnoDB DEFAULT CHARSET=utf8;

--
-- Dumping data for table `tb_person`
--

INSERT INTO `tb_person` (`id_person`, `created`) VALUES
(13, '2561-10-19');

-- --------------------------------------------------------

--
-- Table structure for table `tb_question`
--

CREATE TABLE `tb_question` (
  `id_question` int(11) NOT NULL,
  `question` varchar(255) NOT NULL,
  `create_at` date NOT NULL
) ENGINE=MyISAM DEFAULT CHARSET=utf8;

--
-- Dumping data for table `tb_question`
--

INSERT INTO `tb_question` (`id_question`, `question`, `create_at`) VALUES
(1, 'การให้บริการเป็นไปตามระยะเวลาที่กำหนด', '2561-10-12'),
(2, 'การติดป้ายประกาศหรือแจ้งข้อมูลเกี่ยวกับขั้นตอนและระยะเวลาการให้บริการ', '2561-10-12'),
(3, 'ความเหมาะสมในการแต่งกายของผู้ให้บริการ', '2561-10-12'),
(4, 'ความเต็มใจและความพร้อมในการให้บริการอย่างสุภาพ', '2561-10-12');

-- --------------------------------------------------------

--
-- Table structure for table `transfer`
--

CREATE TABLE `transfer` (
  `id` int(11) NOT NULL,
  `cusID` int(11) DEFAULT NULL,
  `carID` int(11) DEFAULT NULL,
  `Date` date DEFAULT NULL,
  `RFName` varchar(45) DEFAULT NULL,
  `RLName` varchar(45) DEFAULT NULL,
  `RTel` varchar(45) DEFAULT NULL,
  `RAddress` varchar(45) DEFAULT NULL,
  `Rdistrict` varchar(255) NOT NULL,
  `Ramphoe` varchar(255) NOT NULL,
  `Rprovince` varchar(255) NOT NULL,
  `Rzipcode` int(50) NOT NULL
) ENGINE=InnoDB DEFAULT CHARSET=utf8;

--
-- Dumping data for table `transfer`
--

INSERT INTO `transfer` (`id`, `cusID`, `carID`, `Date`, `RFName`, `RLName`, `RTel`, `RAddress`, `Rdistrict`, `Ramphoe`, `Rprovince`, `Rzipcode`) VALUES
(3, 1, 2, '2561-10-06', 'สุทิน', 'เผ่าดี', '084231541', '287/1 ม.2', 'กกกุง', 'เมืองสรวง', 'ร้อยเอ็ด', 45220),
(4, 4, 19, '2561-10-18', 'สิริญญา', 'ตามสีวัน', '0852154221', '97/2 ม.8', 'เกยไชย', 'ชุมแสง', 'นครสวรรค์', 60120),
(8, 9, 10, '2561-10-24', 'หน่อ ', 'ปุตตา', '0818854879', '160/1 ม.2', 'ปกาสัย', 'เหนือคลอง', 'กระบี่', 81130),
(9, 11, 9, '2561-10-24', 'ทัศศิลป์ ', 'อุ่นนินคำ', '0861903504', '152 ม.1', 'องครักษ์', 'โพธิ์ทอง', 'อ่างทอง', 14120),
(10, 3, 3, '2561-10-25', 'เรวัต ', 'ชงจารย์', '0857555827', '39 ม.4', 'เขาน้อย', 'เวียงเก่า', 'ขอนแก่น', 40150),
(11, 4, 4, '2561-10-25', 'สุพรรณี ', 'สิยานันท์', '0882609151', '115 ม.2', 'บ้านอ้อน', 'งาว', 'ลำปาง', 52110),
(12, 16, 8, '2561-10-25', 'ลิตานันต์', 'เพชรพุ่ม', '0869993550', '140 ม.8', 'ใจดี', 'ขุขันธ์', 'ศรีสะเกษ', 33140),
(13, 23, 25, '2561-10-25', 'วีระพร ', 'อูปเวียง', '0956767893', 'กค4844', 'ลี้', 'ลี้', 'ลำพูน', 51110),
(14, 20, 21, '2561-10-25', 'ภาวีณี ', 'อินปั๋นแก้ว', '0856217879', '153 ถ.จามเทวี', 'ในเมือง', 'เมืองลำพูน', 'ลำพูน', 51000),
(15, 26, 28, '2561-10-25', 'อุดม ', 'ชัยวุฒิ', '0856217879', '164 ถ.เจริญราษฎร์', 'ในเมือง', 'เมืองลำพูน', 'ลำพูน', 51000),
(16, 34, 39, '2561-10-25', 'ประยูร', 'ปัญญาศักดิ์', '0961515236', '5 ซ.เพิ่มพูลทรัพย์', 'กกกุง', 'เมืองสรวง', 'ร้อยเอ็ด', 45220);

-- --------------------------------------------------------

--
-- Table structure for table `transfer_detail`
--

CREATE TABLE `transfer_detail` (
  `id` int(11) NOT NULL,
  `transferId` int(11) DEFAULT NULL,
  `Name` varchar(45) DEFAULT NULL,
  `Price` decimal(10,2) DEFAULT NULL
) ENGINE=InnoDB DEFAULT CHARSET=utf8;

--
-- Dumping data for table `transfer_detail`
--

INSERT INTO `transfer_detail` (`id`, `transferId`, `Name`, `Price`) VALUES
(10, 4, 'ค่าบริการ', '5000.00'),
(12, 3, 'ค่าบริการ', '3000.00'),
(18, 8, 'ค่าบริการ', '2000.00'),
(19, 9, 'ค่าบริการ', '2000.00'),
(20, 10, 'ค่าบริการ', '1200.00'),
(21, 11, 'ค่าบริการ', '1300.00'),
(22, 12, 'ค่าบริการ', '2000.00'),
(23, 13, 'ค่าบริการ', '1200.00'),
(24, 14, 'ค่าบริการ', '1300.00'),
(25, 15, 'ค่าบริการ', '1300.00'),
(26, 16, 'ค่าบริการ', '2000.00');

--
-- Indexes for dumped tables
--

--
-- Indexes for table `act`
--
ALTER TABLE `act`
  ADD PRIMARY KEY (`id`);

--
-- Indexes for table `car`
--
ALTER TABLE `car`
  ADD PRIMARY KEY (`id`);

--
-- Indexes for table `car_check`
--
ALTER TABLE `car_check`
  ADD PRIMARY KEY (`id`);

--
-- Indexes for table `change_car`
--
ALTER TABLE `change_car`
  ADD PRIMARY KEY (`id`);

--
-- Indexes for table `change_detail`
--
ALTER TABLE `change_detail`
  ADD PRIMARY KEY (`id`);

--
-- Indexes for table `contact`
--
ALTER TABLE `contact`
  ADD PRIMARY KEY (`id`);

--
-- Indexes for table `customer`
--
ALTER TABLE `customer`
  ADD PRIMARY KEY (`id`);

--
-- Indexes for table `data_user`
--
ALTER TABLE `data_user`
  ADD PRIMARY KEY (`UserID`);

--
-- Indexes for table `document`
--
ALTER TABLE `document`
  ADD PRIMARY KEY (`id`);

--
-- Indexes for table `follow`
--
ALTER TABLE `follow`
  ADD PRIMARY KEY (`id`);

--
-- Indexes for table `insurance`
--
ALTER TABLE `insurance`
  ADD PRIMARY KEY (`id`);

--
-- Indexes for table `insurancecompany`
--
ALTER TABLE `insurancecompany`
  ADD PRIMARY KEY (`id`);

--
-- Indexes for table `move`
--
ALTER TABLE `move`
  ADD PRIMARY KEY (`id`);

--
-- Indexes for table `move_detail`
--
ALTER TABLE `move_detail`
  ADD PRIMARY KEY (`id`);

--
-- Indexes for table `news`
--
ALTER TABLE `news`
  ADD PRIMARY KEY (`id`);

--
-- Indexes for table `promotion`
--
ALTER TABLE `promotion`
  ADD PRIMARY KEY (`id`);

--
-- Indexes for table `tax`
--
ALTER TABLE `tax`
  ADD PRIMARY KEY (`id`);

--
-- Indexes for table `tb_answer`
--
ALTER TABLE `tb_answer`
  ADD PRIMARY KEY (`id`);

--
-- Indexes for table `tb_person`
--
ALTER TABLE `tb_person`
  ADD PRIMARY KEY (`id_person`);

--
-- Indexes for table `tb_question`
--
ALTER TABLE `tb_question`
  ADD PRIMARY KEY (`id_question`);

--
-- Indexes for table `transfer`
--
ALTER TABLE `transfer`
  ADD PRIMARY KEY (`id`);

--
-- Indexes for table `transfer_detail`
--
ALTER TABLE `transfer_detail`
  ADD PRIMARY KEY (`id`);

--
-- AUTO_INCREMENT for dumped tables
--

--
-- AUTO_INCREMENT for table `act`
--
ALTER TABLE `act`
  MODIFY `id` int(11) NOT NULL AUTO_INCREMENT, AUTO_INCREMENT=16;

--
-- AUTO_INCREMENT for table `car`
--
ALTER TABLE `car`
  MODIFY `id` int(11) NOT NULL AUTO_INCREMENT, AUTO_INCREMENT=42;

--
-- AUTO_INCREMENT for table `car_check`
--
ALTER TABLE `car_check`
  MODIFY `id` int(11) NOT NULL AUTO_INCREMENT, AUTO_INCREMENT=24;

--
-- AUTO_INCREMENT for table `change_car`
--
ALTER TABLE `change_car`
  MODIFY `id` int(11) NOT NULL AUTO_INCREMENT, AUTO_INCREMENT=26;

--
-- AUTO_INCREMENT for table `change_detail`
--
ALTER TABLE `change_detail`
  MODIFY `id` int(10) NOT NULL AUTO_INCREMENT, AUTO_INCREMENT=19;

--
-- AUTO_INCREMENT for table `customer`
--
ALTER TABLE `customer`
  MODIFY `id` int(11) NOT NULL AUTO_INCREMENT, AUTO_INCREMENT=47;

--
-- AUTO_INCREMENT for table `data_user`
--
ALTER TABLE `data_user`
  MODIFY `UserID` int(4) UNSIGNED ZEROFILL NOT NULL AUTO_INCREMENT, AUTO_INCREMENT=11;

--
-- AUTO_INCREMENT for table `document`
--
ALTER TABLE `document`
  MODIFY `id` int(11) NOT NULL AUTO_INCREMENT, AUTO_INCREMENT=4;

--
-- AUTO_INCREMENT for table `follow`
--
ALTER TABLE `follow`
  MODIFY `id` int(11) NOT NULL AUTO_INCREMENT, AUTO_INCREMENT=40;

--
-- AUTO_INCREMENT for table `insurance`
--
ALTER TABLE `insurance`
  MODIFY `id` int(11) NOT NULL AUTO_INCREMENT, AUTO_INCREMENT=13;

--
-- AUTO_INCREMENT for table `insurancecompany`
--
ALTER TABLE `insurancecompany`
  MODIFY `id` int(11) NOT NULL AUTO_INCREMENT, AUTO_INCREMENT=10;

--
-- AUTO_INCREMENT for table `move`
--
ALTER TABLE `move`
  MODIFY `id` int(11) NOT NULL AUTO_INCREMENT, AUTO_INCREMENT=14;

--
-- AUTO_INCREMENT for table `move_detail`
--
ALTER TABLE `move_detail`
  MODIFY `id` int(11) NOT NULL AUTO_INCREMENT, AUTO_INCREMENT=17;

--
-- AUTO_INCREMENT for table `news`
--
ALTER TABLE `news`
  MODIFY `id` int(11) NOT NULL AUTO_INCREMENT, AUTO_INCREMENT=5;

--
-- AUTO_INCREMENT for table `promotion`
--
ALTER TABLE `promotion`
  MODIFY `id` int(11) NOT NULL AUTO_INCREMENT, AUTO_INCREMENT=16;

--
-- AUTO_INCREMENT for table `tax`
--
ALTER TABLE `tax`
  MODIFY `id` int(11) NOT NULL AUTO_INCREMENT, AUTO_INCREMENT=13;

--
-- AUTO_INCREMENT for table `tb_answer`
--
ALTER TABLE `tb_answer`
  MODIFY `id` int(11) NOT NULL AUTO_INCREMENT, AUTO_INCREMENT=62;

--
-- AUTO_INCREMENT for table `tb_person`
--
ALTER TABLE `tb_person`
  MODIFY `id_person` int(11) NOT NULL AUTO_INCREMENT, AUTO_INCREMENT=14;

--
-- AUTO_INCREMENT for table `tb_question`
--
ALTER TABLE `tb_question`
  MODIFY `id_question` int(11) NOT NULL AUTO_INCREMENT, AUTO_INCREMENT=8;

--
-- AUTO_INCREMENT for table `transfer`
--
ALTER TABLE `transfer`
  MODIFY `id` int(11) NOT NULL AUTO_INCREMENT, AUTO_INCREMENT=17;

--
-- AUTO_INCREMENT for table `transfer_detail`
--
ALTER TABLE `transfer_detail`
  MODIFY `id` int(11) NOT NULL AUTO_INCREMENT, AUTO_INCREMENT=27;
COMMIT;

/*!40101 SET CHARACTER_SET_CLIENT=@OLD_CHARACTER_SET_CLIENT */;
/*!40101 SET CHARACTER_SET_RESULTS=@OLD_CHARACTER_SET_RESULTS */;
/*!40101 SET COLLATION_CONNECTION=@OLD_COLLATION_CONNECTION */;
